{"data":[{"ObjectIdentifier": "1AB0DAC6-8457-4AC9-9605-F37BE676271E", "Properties": {"domain": "PUPPY.HTB", "name": "DISABLEDEFENDER@PUPPY.HTB", "distinguishedname": "CN={841B611C-9F3B-4090-BA0C-2AE4D6C02AF8},CN=POLICIES,CN=SYSTEM,DC=PUPPY,DC=HTB", "domainsid": "S-1-5-21-1487982659-1829050783-2281216199", "highvalue": false, "gpcpath": "\\\\PUPPY.HTB\\SYSVOL\\PUPPY.HTB\\POLICIES\\{841B611C-9F3B-4090-BA0C-2AE4D6C02AF8}", "description": "", "whencreated": 1747179776, "isaclprotected": true}, "IsDeleted": false, "IsACLProtected": true, "Aces": [{"RightName": "Owns", "IsInherited": false, "PrincipalSID": "S-1-5-21-1487982659-1829050783-2281216199-512", "PrincipalType": "Group"}, {"RightName": "GenericWrite", "IsInherited": false, "PrincipalSID": "S-1-5-21-1487982659-1829050783-2281216199-512", "PrincipalType": "Group"}, {"RightName": "WriteOwner", "IsInherited": false, "PrincipalSID": "S-1-5-21-1487982659-1829050783-2281216199-512", "PrincipalType": "Group"}, {"RightName": "WriteDacl", "IsInherited": false, "PrincipalSID": "S-1-5-21-1487982659-1829050783-2281216199-512", "PrincipalType": "Group"}, {"RightName": "GenericWrite", "IsInherited": false, "PrincipalSID": "S-1-5-21-1487982659-1829050783-2281216199-512", "PrincipalType": "Group"}, {"RightName": "WriteOwner", "IsInherited": false, "PrincipalSID": "S-1-5-21-1487982659-1829050783-2281216199-512", "PrincipalType": "Group"}, {"RightName": "WriteDacl", "IsInherited": false, "PrincipalSID": "S-1-5-21-1487982659-1829050783-2281216199-512", "PrincipalType": "Group"}, {"RightName": "GenericWrite", "IsInherited": false, "PrincipalSID": "S-1-5-21-1487982659-1829050783-2281216199-519", "PrincipalType": "Group"}, {"RightName": "WriteOwner", "IsInherited": false, "PrincipalSID": "S-1-5-21-1487982659-1829050783-2281216199-519", "PrincipalType": "Group"}, {"RightName": "WriteDacl", "IsInherited": false, "PrincipalSID": "S-1-5-21-1487982659-1829050783-2281216199-519", "PrincipalType": "Group"}]},{"ObjectIdentifier": "CFD90ACC-835A-4BB8-B3F4-60E41DFFBF6D", "Properties": {"domain": "PUPPY.HTB", "name": "DEFAULT DOMAIN CONTROLLERS POLICY@PUPPY.HTB", "distinguishedname": "CN={6AC1786C-016F-11D2-945F-00C04FB984F9},CN=POLICIES,CN=SYSTEM,DC=PUPPY,DC=HTB", "domainsid": "S-1-5-21-1487982659-1829050783-2281216199", "highvalue": false, "gpcpath": "\\\\PUPPY.HTB\\SYSVOL\\PUPPY.HTB\\POLICIES\\{6AC1786C-016F-11D2-945F-00C04FB984F9}", "description": "", "whencreated": 1739965511, "isaclprotected": true}, "IsDeleted": false, "IsACLProtected": true, "Aces": [{"RightName": "Owns", "IsInherited": false, "PrincipalSID": "S-1-5-21-1487982659-1829050783-2281216199-512", "PrincipalType": "Group"}, {"RightName": "GenericWrite", "IsInherited": false, "PrincipalSID": "S-1-5-21-1487982659-1829050783-2281216199-512", "PrincipalType": "Group"}, {"RightName": "WriteOwner", "IsInherited": false, "PrincipalSID": "S-1-5-21-1487982659-1829050783-2281216199-512", "PrincipalType": "Group"}, {"RightName": "WriteDacl", "IsInherited": false, "PrincipalSID": "S-1-5-21-1487982659-1829050783-2281216199-512", "PrincipalType": "Group"}, {"RightName": "GenericWrite", "IsInherited": false, "PrincipalSID": "S-1-5-21-1487982659-1829050783-2281216199-519", "PrincipalType": "Group"}, {"RightName": "WriteOwner", "IsInherited": false, "PrincipalSID": "S-1-5-21-1487982659-1829050783-2281216199-519", "PrincipalType": "Group"}, {"RightName": "WriteDacl", "IsInherited": false, "PrincipalSID": "S-1-5-21-1487982659-1829050783-2281216199-519", "PrincipalType": "Group"}, {"RightName": "GenericWrite", "IsInherited": false, "PrincipalSID": "S-1-5-21-1487982659-1829050783-2281216199-512", "PrincipalType": "Group"}, {"RightName": "WriteOwner", "IsInherited": false, "PrincipalSID": "S-1-5-21-1487982659-1829050783-2281216199-512", "PrincipalType": "Group"}, {"RightName": "WriteDacl", "IsInherited": false, "PrincipalSID": "S-1-5-21-1487982659-1829050783-2281216199-512", "PrincipalType": "Group"}]},{"ObjectIdentifier": "4B3A7177-7D7D-4FBB-AA65-84911F1E34EB", "Properties": {"domain": "PUPPY.HTB", "name": "DEFAULT DOMAIN POLICY@PUPPY.HTB", "distinguishedname": "CN={31B2F340-016D-11D2-945F-00C04FB984F9},CN=POLICIES,CN=SYSTEM,DC=PUPPY,DC=HTB", "domainsid": "S-1-5-21-1487982659-1829050783-2281216199", "highvalue": false, "gpcpath": "\\\\PUPPY.HTB\\SYSVOL\\PUPPY.HTB\\POLICIES\\{31B2F340-016D-11D2-945F-00C04FB984F9}", "description": "", "whencreated": 1739965511, "isaclprotected": true}, "IsDeleted": false, "IsACLProtected": true, "Aces": [{"RightName": "Owns", "IsInherited": false, "PrincipalSID": "S-1-5-21-1487982659-1829050783-2281216199-512", "PrincipalType": "Group"}, {"RightName": "GenericWrite", "IsInherited": false, "PrincipalSID": "S-1-5-21-1487982659-1829050783-2281216199-512", "PrincipalType": "Group"}, {"RightName": "WriteOwner", "IsInherited": false, "PrincipalSID": "S-1-5-21-1487982659-1829050783-2281216199-512", "PrincipalType": "Group"}, {"RightName": "WriteDacl", "IsInherited": false, "PrincipalSID": "S-1-5-21-1487982659-1829050783-2281216199-512", "PrincipalType": "Group"}, {"RightName": "GenericWrite", "IsInherited": false, "PrincipalSID": "S-1-5-21-1487982659-1829050783-2281216199-519", "PrincipalType": "Group"}, {"RightName": "WriteOwner", "IsInherited": false, "PrincipalSID": "S-1-5-21-1487982659-1829050783-2281216199-519", "PrincipalType": "Group"}, {"RightName": "WriteDacl", "IsInherited": false, "PrincipalSID": "S-1-5-21-1487982659-1829050783-2281216199-519", "PrincipalType": "Group"}, {"RightName": "GenericWrite", "IsInherited": false, "PrincipalSID": "S-1-5-21-1487982659-1829050783-2281216199-512", "PrincipalType": "Group"}, {"RightName": "WriteOwner", "IsInherited": false, "PrincipalSID": "S-1-5-21-1487982659-1829050783-2281216199-512", "PrincipalType": "Group"}, {"RightName": "WriteDacl", "IsInherited": false, "PrincipalSID": "S-1-5-21-1487982659-1829050783-2281216199-512", "PrincipalType": "Group"}]}],"meta":{"methods":0,"type":"gpos","count":3, "version":6}}