{"data": [{"ObjectIdentifier": "S-1-5-21-1487982659-1829050783-2281216199", "Properties": {"name": "PUPPY.HTB", "domain": "PUPPY.HTB", "domainsid": "S-1-5-21-1487982659-1829050783-2281216199", "distinguishedname": "DC=PUPPY,DC=HTB", "description": "", "functionallevel": "2016", "highvalue": true, "isaclprotected": false, "collected": true, "whencreated": 1739965501}, "Trusts": [], "Aces": [{"RightName": "Owns", "IsInherited": false, "PrincipalSID": "PUPPY.HTB-S-1-5-32-544", "PrincipalType": "Group"}, {"RightName": "GetChanges", "IsInherited": false, "PrincipalSID": "S-1-5-21-1487982659-1829050783-2281216199-498", "PrincipalType": "Group"}, {"RightName": "GetChangesAll", "IsInherited": false, "PrincipalSID": "S-1-5-21-1487982659-1829050783-2281216199-516", "PrincipalType": "Group"}, {"RightName": "GetChangesInFilteredSet", "IsInherited": false, "PrincipalSID": "PUPPY.HTB-S-1-5-32-544", "PrincipalType": "Group"}, {"RightName": "GetChanges", "IsInherited": false, "PrincipalSID": "PUPPY.HTB-S-1-5-32-544", "PrincipalType": "Group"}, {"RightName": "GetChangesAll", "IsInherited": false, "PrincipalSID": "PUPPY.HTB-S-1-5-32-544", "PrincipalType": "Group"}, {"RightName": "GetChangesInFilteredSet", "IsInherited": false, "PrincipalSID": "PUPPY.HTB-S-1-5-9", "PrincipalType": "Group"}, {"RightName": "GetChanges", "IsInherited": false, "PrincipalSID": "PUPPY.HTB-S-1-5-9", "PrincipalType": "Group"}, {"RightName": "WriteOwner", "IsInherited": false, "PrincipalSID": "S-1-5-21-1487982659-1829050783-2281216199-512", "PrincipalType": "Group"}, {"RightName": "AllExtendedRights", "IsInherited": false, "PrincipalSID": "S-1-5-21-1487982659-1829050783-2281216199-512", "PrincipalType": "Group"}, {"RightName": "WriteDacl", "IsInherited": false, "PrincipalSID": "S-1-5-21-1487982659-1829050783-2281216199-512", "PrincipalType": "Group"}, {"RightName": "GenericAll", "IsInherited": false, "PrincipalSID": "S-1-5-21-1487982659-1829050783-2281216199-519", "PrincipalType": "Group"}, {"RightName": "WriteOwner", "IsInherited": false, "PrincipalSID": "PUPPY.HTB-S-1-5-32-544", "PrincipalType": "Group"}, {"RightName": "AllExtendedRights", "IsInherited": false, "PrincipalSID": "PUPPY.HTB-S-1-5-32-544", "PrincipalType": "Group"}, {"RightName": "WriteDacl", "IsInherited": false, "PrincipalSID": "PUPPY.HTB-S-1-5-32-544", "PrincipalType": "Group"}], "Links": [{"IsEnforced": false, "GUID": "4B3A7177-7D7D-4FBB-AA65-84911F1E34EB"}], "ChildObjects": [{"ObjectIdentifier": "3F93AA72-387D-4B17-9523-1CA9CF985828", "ObjectType": "Container"}, {"ObjectIdentifier": "497630F9-2C84-4BDA-8FD4-4812BC896B99", "ObjectType": "OU"}, {"ObjectIdentifier": "6E94915D-A2E4-4EB7-8448-7728B6D528C4", "ObjectType": "OU"}, {"ObjectIdentifier": "FEF9CE2E-1174-4190-93F3-7098E4E9D0B2", "ObjectType": "Container"}, {"ObjectIdentifier": "S-1-5-21-1487982659-1829050783-2281216199-1108", "ObjectType": "Group"}, {"ObjectIdentifier": "B451D773-5451-4047-A738-ED08850EF741", "ObjectType": "Container"}, {"ObjectIdentifier": "86030DE8-506E-4414-B2EB-C9B6A2E5D4D3", "ObjectType": "OU"}, {"ObjectIdentifier": "S-1-5-21-1487982659-1829050783-2281216199-1113", "ObjectType": "Group"}, {"ObjectIdentifier": "EE189B23-6826-46B8-A95C-746879F7C027", "ObjectType": "Container"}, {"ObjectIdentifier": "S-1-5-21-1487982659-1829050783-2281216199-1104", "ObjectType": "User"}], "GPOChanges": {"AffectedComputers": [], "DcomUsers": [], "LocalAdmins": [], "PSRemoteUsers": [], "RemoteDesktopUsers": []}, "IsDeleted": false, "IsACLProtected": false}], "meta": {"type": "domains", "count": 1, "version": 6}}