{"data":[{"ObjectIdentifier": "S-1-5-21-1487982659-1829050783-2281216199-1000", "AllowedToAct": [], "PrimaryGroupSID": "S-1-5-21-1487982659-1829050783-2281216199-516", "ContainedBy": null, "DumpSMSAPassword": [], "Properties": {"name": "DC.PUPPY.HTB", "domainsid": "S-1-5-21-1487982659-1829050783-2281216199", "domain": "PUPPY.HTB", "highvalue": false, "distinguishedname": "CN=DC,OU=DOMAIN CONTROLLERS,DC=PUPPY,DC=HTB", "unconstraineddelegation": true, "enabled": true, "trustedtoauth": false, "samaccountname": "DC$", "haslaps": false, "lastlogon": 1753017887, "lastlogontimestamp": 1753017606, "pwdlastset": 1746810525, "whencreated": 1739965575, "serviceprincipalnames": ["iSCSITarget/DC", "iSCSITarget/DC.PUPPY.HTB", "TERMSRV/DC", "TERMSRV/DC.PUPPY.HTB", "Dfsr-12F9A27C-BF97-4787-9364-D31B6C55EB04/DC.PUPPY.HTB", "ldap/DC.PUPPY.HTB/ForestDnsZones.PUPPY.HTB", "ldap/DC.PUPPY.HTB/DomainDnsZones.PUPPY.HTB", "DNS/DC.PUPPY.HTB", "GC/DC.PUPPY.HTB/PUPPY.HTB", "RestrictedKrbHost/DC.PUPPY.HTB", "RestrictedKrbHost/DC", "RPC/2bea3ff3-b80d-42a2-8a63-39ee389db252._msdcs.PUPPY.HTB", "HOST/DC/PUPPY", "HOST/DC.PUPPY.HTB/PUPPY", "HOST/DC", "HOST/DC.PUPPY.HTB", "HOST/DC.PUPPY.HTB/PUPPY.HTB", "E3514235-4B06-11D1-AB04-00C04FC2DCD2/2bea3ff3-b80d-42a2-8a63-39ee389db252/PUPPY.HTB", "ldap/DC/PUPPY", "ldap/2bea3ff3-b80d-42a2-8a63-39ee389db252._msdcs.PUPPY.HTB", "ldap/DC.PUPPY.HTB/PUPPY", "ldap/DC", "ldap/DC.PUPPY.HTB", "ldap/DC.PUPPY.HTB/PUPPY.HTB"], "description": null, "operatingsystem": "Windows Server 2022 Standard", "sidhistory": [], "isaclprotected": false}, "LocalGroups": [], "UserRights": [], "AllowedToDelegate": [], "Sessions": {"Collected": true, "FailureReason": null, "Results": []}, "PrivilegedSessions": {"Collected": false, "FailureReason": null, "Results": []}, "RegistrySessions": {"Collected": false, "FailureReason": null, "Results": []}, "Aces": [{"RightName": "Owns", "IsInherited": false, "PrincipalSID": "S-1-5-21-1487982659-1829050783-2281216199-512", "PrincipalType": "Group"}, {"RightName": "GenericAll", "IsInherited": false, "PrincipalSID": "S-1-5-21-1487982659-1829050783-2281216199-512", "PrincipalType": "Group"}, {"RightName": "AddKeyCredentialLink", "IsInherited": true, "PrincipalSID": "S-1-5-21-1487982659-1829050783-2281216199-526", "PrincipalType": "Group"}, {"RightName": "AddKeyCredentialLink", "IsInherited": true, "PrincipalSID": "S-1-5-21-1487982659-1829050783-2281216199-527", "PrincipalType": "Group"}, {"RightName": "GenericAll", "IsInherited": true, "PrincipalSID": "S-1-5-21-1487982659-1829050783-2281216199-519", "PrincipalType": "Group"}, {"RightName": "GenericWrite", "IsInherited": true, "PrincipalSID": "PUPPY.HTB-S-1-5-32-544", "PrincipalType": "Group"}, {"RightName": "WriteOwner", "IsInherited": true, "PrincipalSID": "PUPPY.HTB-S-1-5-32-544", "PrincipalType": "Group"}, {"RightName": "WriteDacl", "IsInherited": true, "PrincipalSID": "PUPPY.HTB-S-1-5-32-544", "PrincipalType": "Group"}], "HasSIDHistory": [], "IsDeleted": false, "Status": null, "IsACLProtected": false}],"meta":{"methods":0,"type":"computers","count":1, "version":6}}