{"data":[{"ObjectIdentifier": "497630F9-2C84-4BDA-8FD4-4812BC896B99", "Properties": {"domain": "PUPPY.HTB", "name": "PUPPY ADMINS@PUPPY.HTB", "distinguishedname": "OU=PUPPY ADMINS,DC=PUPPY,DC=HTB", "domainsid": "S-1-5-21-1487982659-1829050783-2281216199", "highvalue": false, "blocksinheritance": false, "description": null, "whencreated": 1739967592, "isaclprotected": false}, "IsDeleted": false, "IsACLProtected": false, "Aces": [{"RightName": "Owns", "IsInherited": false, "PrincipalSID": "S-1-5-21-1487982659-1829050783-2281216199-512", "PrincipalType": "Group"}, {"RightName": "GenericAll", "IsInherited": false, "PrincipalSID": "S-1-5-21-1487982659-1829050783-2281216199-512", "PrincipalType": "Group"}, {"RightName": "GenericAll", "IsInherited": true, "PrincipalSID": "S-1-5-21-1487982659-1829050783-2281216199-519", "PrincipalType": "Group"}, {"RightName": "GenericWrite", "IsInherited": true, "PrincipalSID": "PUPPY.HTB-S-1-5-32-544", "PrincipalType": "Group"}, {"RightName": "WriteOwner", "IsInherited": true, "PrincipalSID": "PUPPY.HTB-S-1-5-32-544", "PrincipalType": "Group"}, {"RightName": "WriteDacl", "IsInherited": true, "PrincipalSID": "PUPPY.HTB-S-1-5-32-544", "PrincipalType": "Group"}], "Links": [], "ChildObjects": [{"ObjectIdentifier": "S-1-5-21-1487982659-1829050783-2281216199-1107", "ObjectType": "User"}, {"ObjectIdentifier": "S-1-5-21-1487982659-1829050783-2281216199-1111", "ObjectType": "User"}], "GPOChanges": {"AffectedComputers": [], "DcomUsers": [], "LocalAdmins": [], "PSRemoteUsers": [], "RemoteDesktopUsers": []}},{"ObjectIdentifier": "6E94915D-A2E4-4EB7-8448-7728B6D528C4", "Properties": {"domain": "PUPPY.HTB", "name": "MANPOWER@PUPPY.HTB", "distinguishedname": "OU=MANPOWER,DC=PUPPY,DC=HTB", "domainsid": "S-1-5-21-1487982659-1829050783-2281216199", "highvalue": false, "blocksinheritance": false, "description": "Department in power of recruiting qualified applicants to PUPPY.", "whencreated": 1739966987, "isaclprotected": false}, "IsDeleted": false, "IsACLProtected": false, "Aces": [{"RightName": "Owns", "IsInherited": false, "PrincipalSID": "S-1-5-21-1487982659-1829050783-2281216199-512", "PrincipalType": "Group"}, {"RightName": "GenericAll", "IsInherited": false, "PrincipalSID": "S-1-5-21-1487982659-1829050783-2281216199-512", "PrincipalType": "Group"}, {"RightName": "GenericAll", "IsInherited": true, "PrincipalSID": "S-1-5-21-1487982659-1829050783-2281216199-519", "PrincipalType": "Group"}, {"RightName": "GenericWrite", "IsInherited": true, "PrincipalSID": "PUPPY.HTB-S-1-5-32-544", "PrincipalType": "Group"}, {"RightName": "WriteOwner", "IsInherited": true, "PrincipalSID": "PUPPY.HTB-S-1-5-32-544", "PrincipalType": "Group"}, {"RightName": "WriteDacl", "IsInherited": true, "PrincipalSID": "PUPPY.HTB-S-1-5-32-544", "PrincipalType": "Group"}], "Links": [], "ChildObjects": [{"ObjectIdentifier": "S-1-5-21-1487982659-1829050783-2281216199-1103", "ObjectType": "User"}], "GPOChanges": {"AffectedComputers": [], "DcomUsers": [], "LocalAdmins": [], "PSRemoteUsers": [], "RemoteDesktopUsers": []}},{"ObjectIdentifier": "86030DE8-506E-4414-B2EB-C9B6A2E5D4D3", "Properties": {"domain": "PUPPY.HTB", "name": "DOMAIN CONTROLLERS@PUPPY.HTB", "distinguishedname": "OU=DOMAIN CONTROLLERS,DC=PUPPY,DC=HTB", "domainsid": "S-1-5-21-1487982659-1829050783-2281216199", "highvalue": false, "blocksinheritance": false, "description": "Default container for domain controllers", "whencreated": 1739965511, "isaclprotected": false}, "IsDeleted": false, "IsACLProtected": false, "Aces": [{"RightName": "Owns", "IsInherited": false, "PrincipalSID": "S-1-5-21-1487982659-1829050783-2281216199-512", "PrincipalType": "Group"}, {"RightName": "GenericWrite", "IsInherited": false, "PrincipalSID": "S-1-5-21-1487982659-1829050783-2281216199-512", "PrincipalType": "Group"}, {"RightName": "WriteOwner", "IsInherited": false, "PrincipalSID": "S-1-5-21-1487982659-1829050783-2281216199-512", "PrincipalType": "Group"}, {"RightName": "WriteDacl", "IsInherited": false, "PrincipalSID": "S-1-5-21-1487982659-1829050783-2281216199-512", "PrincipalType": "Group"}, {"RightName": "GenericAll", "IsInherited": true, "PrincipalSID": "S-1-5-21-1487982659-1829050783-2281216199-519", "PrincipalType": "Group"}, {"RightName": "GenericWrite", "IsInherited": true, "PrincipalSID": "PUPPY.HTB-S-1-5-32-544", "PrincipalType": "Group"}, {"RightName": "WriteOwner", "IsInherited": true, "PrincipalSID": "PUPPY.HTB-S-1-5-32-544", "PrincipalType": "Group"}, {"RightName": "WriteDacl", "IsInherited": true, "PrincipalSID": "PUPPY.HTB-S-1-5-32-544", "PrincipalType": "Group"}], "Links": [{"IsEnforced": false, "GUID": "1AB0DAC6-8457-4AC9-9605-F37BE676271E"}, {"IsEnforced": false, "GUID": "CFD90ACC-835A-4BB8-B3F4-60E41DFFBF6D"}], "ChildObjects": [{"ObjectIdentifier": "S-1-5-21-1487982659-1829050783-2281216199-1000", "ObjectType": "Computer"}], "GPOChanges": {"AffectedComputers": [], "DcomUsers": [], "LocalAdmins": [], "PSRemoteUsers": [], "RemoteDesktopUsers": []}}],"meta":{"methods":0,"type":"ous","count":3, "version":6}}