{"data":[{"ObjectIdentifier": "B16CDE24-3AC6-4504-AFC5-F3554CDD0C38", "Properties": {"domain": "PUPPY.HTB", "name": "MICROSOFTDNS@PUPPY.HTB", "distinguishedname": "CN=MICROSOFTDNS,CN=SYSTEM,DC=PUPPY,DC=HTB", "domainsid": "S-1-5-21-1487982659-1829050783-2281216199", "highvalue": false, "description": "", "whencreated": 1739965615}, "IsDeleted": false, "IsACLProtected": false, "Aces": [{"RightName": "GenericAll", "IsInherited": false, "PrincipalSID": "S-1-5-21-1487982659-1829050783-2281216199-512", "PrincipalType": "Group"}, {"RightName": "WriteOwner", "IsInherited": false, "PrincipalSID": "S-1-5-21-1487982659-1829050783-2281216199-1101", "PrincipalType": "Group"}, {"RightName": "WriteDacl", "IsInherited": false, "PrincipalSID": "S-1-5-21-1487982659-1829050783-2281216199-1101", "PrincipalType": "Group"}, {"RightName": "WriteOwner", "IsInherited": false, "PrincipalSID": "PUPPY.HTB-S-1-5-9", "PrincipalType": "Group"}, {"RightName": "WriteDacl", "IsInherited": false, "PrincipalSID": "PUPPY.HTB-S-1-5-9", "PrincipalType": "Group"}, {"RightName": "GenericAll", "IsInherited": true, "PrincipalSID": "S-1-5-21-1487982659-1829050783-2281216199-519", "PrincipalType": "Group"}, {"RightName": "WriteOwner", "IsInherited": true, "PrincipalSID": "PUPPY.HTB-S-1-5-32-544", "PrincipalType": "Group"}, {"RightName": "WriteDacl", "IsInherited": true, "PrincipalSID": "PUPPY.HTB-S-1-5-32-544", "PrincipalType": "Group"}], "ChildObjects": []},{"ObjectIdentifier": "6BECB122-96F7-48D4-90D0-3B5BEBEE9802", "Properties": {"domain": "PUPPY.HTB", "name": "WMIGPO@PUPPY.HTB", "distinguishedname": "CN=WMIGPO,CN=WMIPOLICY,CN=SYSTEM,DC=PUPPY,DC=HTB", "domainsid": "S-1-5-21-1487982659-1829050783-2281216199", "highvalue": false, "description": "", "whencreated": 1739965511}, "IsDeleted": false, "IsACLProtected": false, "Aces": [{"RightName": "Owns", "IsInherited": false, "PrincipalSID": "S-1-5-21-1487982659-1829050783-2281216199-512", "PrincipalType": "Group"}, {"RightName": "WriteOwner", "IsInherited": false, "PrincipalSID": "S-1-5-21-1487982659-1829050783-2281216199-512", "PrincipalType": "Group"}, {"RightName": "WriteDacl", "IsInherited": false, "PrincipalSID": "S-1-5-21-1487982659-1829050783-2281216199-512", "PrincipalType": "Group"}, {"RightName": "GenericAll", "IsInherited": true, "PrincipalSID": "S-1-5-21-1487982659-1829050783-2281216199-519", "PrincipalType": "Group"}, {"RightName": "GenericAll", "IsInherited": true, "PrincipalSID": "S-1-5-21-1487982659-1829050783-2281216199-512", "PrincipalType": "Group"}], "ChildObjects": []},{"ObjectIdentifier": "6E54C931-7A16-4658-8EAB-1921CB7B1887", "Properties": {"domain": "PUPPY.HTB", "name": "POLICYTYPE@PUPPY.HTB", "distinguishedname": "CN=POLICYTYPE,CN=WMIPOLICY,CN=SYSTEM,DC=PUPPY,DC=HTB", "domainsid": "S-1-5-21-1487982659-1829050783-2281216199", "highvalue": false, "description": "", "whencreated": 1739965511}, "IsDeleted": false, "IsACLProtected": false, "Aces": [{"RightName": "Owns", "IsInherited": false, "PrincipalSID": "S-1-5-21-1487982659-1829050783-2281216199-512", "PrincipalType": "Group"}, {"RightName": "WriteOwner", "IsInherited": false, "PrincipalSID": "S-1-5-21-1487982659-1829050783-2281216199-512", "PrincipalType": "Group"}, {"RightName": "WriteDacl", "IsInherited": false, "PrincipalSID": "S-1-5-21-1487982659-1829050783-2281216199-512", "PrincipalType": "Group"}, {"RightName": "GenericAll", "IsInherited": true, "PrincipalSID": "S-1-5-21-1487982659-1829050783-2281216199-519", "PrincipalType": "Group"}, {"RightName": "GenericAll", "IsInherited": true, "PrincipalSID": "S-1-5-21-1487982659-1829050783-2281216199-512", "PrincipalType": "Group"}], "ChildObjects": []},{"ObjectIdentifier": "8C44CBE7-563A-4383-80A4-71996A37CF7E", "Properties": {"domain": "PUPPY.HTB", "name": "SOM@PUPPY.HTB", "distinguishedname": "CN=SOM,CN=WMIPOLICY,CN=SYSTEM,DC=PUPPY,DC=HTB", "domainsid": "S-1-5-21-1487982659-1829050783-2281216199", "highvalue": false, "description": "", "whencreated": 1739965511}, "IsDeleted": false, "IsACLProtected": true, "Aces": [{"RightName": "Owns", "IsInherited": false, "PrincipalSID": "S-1-5-21-1487982659-1829050783-2281216199-512", "PrincipalType": "Group"}, {"RightName": "GenericAll", "IsInherited": false, "PrincipalSID": "S-1-5-21-1487982659-1829050783-2281216199-512", "PrincipalType": "Group"}, {"RightName": "GenericAll", "IsInherited": false, "PrincipalSID": "S-1-5-21-1487982659-1829050783-2281216199-519", "PrincipalType": "Group"}], "ChildObjects": []},{"ObjectIdentifier": "E5763FCC-B1F0-40B3-96B0-F952A8F3FCD4", "Properties": {"domain": "PUPPY.HTB", "name": "POLICYTEMPLATE@PUPPY.HTB", "distinguishedname": "CN=POLICYTEMPLATE,CN=WMIPOLICY,CN=SYSTEM,DC=PUPPY,DC=HTB", "domainsid": "S-1-5-21-1487982659-1829050783-2281216199", "highvalue": false, "description": "", "whencreated": 1739965511}, "IsDeleted": false, "IsACLProtected": false, "Aces": [{"RightName": "Owns", "IsInherited": false, "PrincipalSID": "S-1-5-21-1487982659-1829050783-2281216199-512", "PrincipalType": "Group"}, {"RightName": "WriteOwner", "IsInherited": false, "PrincipalSID": "S-1-5-21-1487982659-1829050783-2281216199-512", "PrincipalType": "Group"}, {"RightName": "WriteDacl", "IsInherited": false, "PrincipalSID": "S-1-5-21-1487982659-1829050783-2281216199-512", "PrincipalType": "Group"}, {"RightName": "GenericAll", "IsInherited": true, "PrincipalSID": "S-1-5-21-1487982659-1829050783-2281216199-519", "PrincipalType": "Group"}, {"RightName": "GenericAll", "IsInherited": true, "PrincipalSID": "S-1-5-21-1487982659-1829050783-2281216199-512", "PrincipalType": "Group"}], "ChildObjects": []},{"ObjectIdentifier": "B063D202-0D0B-4E66-A449-F4F55E39B456", "Properties": {"domain": "PUPPY.HTB", "name": "WMIPOLICY@PUPPY.HTB", "distinguishedname": "CN=WMIPOLICY,CN=SYSTEM,DC=PUPPY,DC=HTB", "domainsid": "S-1-5-21-1487982659-1829050783-2281216199", "highvalue": false, "description": "", "whencreated": 1739965511}, "IsDeleted": false, "IsACLProtected": true, "Aces": [{"RightName": "Owns", "IsInherited": false, "PrincipalSID": "S-1-5-21-1487982659-1829050783-2281216199-512", "PrincipalType": "Group"}, {"RightName": "GenericAll", "IsInherited": false, "PrincipalSID": "S-1-5-21-1487982659-1829050783-2281216199-519", "PrincipalType": "Group"}, {"RightName": "GenericAll", "IsInherited": false, "PrincipalSID": "S-1-5-21-1487982659-1829050783-2281216199-512", "PrincipalType": "Group"}], "ChildObjects": []},{"ObjectIdentifier": "1FF1EA6B-C789-499E-8854-D67CE7FC5CF3", "Properties": {"domain": "PUPPY.HTB", "name": "COMPARTITIONSETS@PUPPY.HTB", "distinguishedname": "CN=COMPARTITIONSETS,CN=SYSTEM,DC=PUPPY,DC=HTB", "domainsid": "S-1-5-21-1487982659-1829050783-2281216199", "highvalue": false, "description": "", "whencreated": 1739965511}, "IsDeleted": false, "IsACLProtected": false, "Aces": [{"RightName": "Owns", "IsInherited": false, "PrincipalSID": "S-1-5-21-1487982659-1829050783-2281216199-512", "PrincipalType": "Group"}, {"RightName": "WriteOwner", "IsInherited": false, "PrincipalSID": "S-1-5-21-1487982659-1829050783-2281216199-512", "PrincipalType": "Group"}, {"RightName": "WriteDacl", "IsInherited": false, "PrincipalSID": "S-1-5-21-1487982659-1829050783-2281216199-512", "PrincipalType": "Group"}, {"RightName": "GenericAll", "IsInherited": true, "PrincipalSID": "S-1-5-21-1487982659-1829050783-2281216199-519", "PrincipalType": "Group"}, {"RightName": "WriteOwner", "IsInherited": true, "PrincipalSID": "PUPPY.HTB-S-1-5-32-544", "PrincipalType": "Group"}, {"RightName": "WriteDacl", "IsInherited": true, "PrincipalSID": "PUPPY.HTB-S-1-5-32-544", "PrincipalType": "Group"}], "ChildObjects": []},{"ObjectIdentifier": "A809C674-A84F-4743-9796-B12DBF9CD649", "Properties": {"domain": "PUPPY.HTB", "name": "COMPARTITIONS@PUPPY.HTB", "distinguishedname": "CN=COMPARTITIONS,CN=SYSTEM,DC=PUPPY,DC=HTB", "domainsid": "S-1-5-21-1487982659-1829050783-2281216199", "highvalue": false, "description": "", "whencreated": 1739965511}, "IsDeleted": false, "IsACLProtected": false, "Aces": [{"RightName": "Owns", "IsInherited": false, "PrincipalSID": "S-1-5-21-1487982659-1829050783-2281216199-512", "PrincipalType": "Group"}, {"RightName": "WriteOwner", "IsInherited": false, "PrincipalSID": "S-1-5-21-1487982659-1829050783-2281216199-512", "PrincipalType": "Group"}, {"RightName": "WriteDacl", "IsInherited": false, "PrincipalSID": "S-1-5-21-1487982659-1829050783-2281216199-512", "PrincipalType": "Group"}, {"RightName": "GenericAll", "IsInherited": true, "PrincipalSID": "S-1-5-21-1487982659-1829050783-2281216199-519", "PrincipalType": "Group"}, {"RightName": "WriteOwner", "IsInherited": true, "PrincipalSID": "PUPPY.HTB-S-1-5-32-544", "PrincipalType": "Group"}, {"RightName": "WriteDacl", "IsInherited": true, "PrincipalSID": "PUPPY.HTB-S-1-5-32-544", "PrincipalType": "Group"}], "ChildObjects": []},{"ObjectIdentifier": "B087B693-3CCE-4261-BBBB-37FDF12871D6", "Properties": {"domain": "PUPPY.HTB", "name": "ADMINSDHOLDER@PUPPY.HTB", "distinguishedname": "CN=ADMINSDHOLDER,CN=SYSTEM,DC=PUPPY,DC=HTB", "domainsid": "S-1-5-21-1487982659-1829050783-2281216199", "highvalue": false, "description": "", "whencreated": 1739965511}, "IsDeleted": false, "IsACLProtected": true, "Aces": [{"RightName": "Owns", "IsInherited": false, "PrincipalSID": "S-1-5-21-1487982659-1829050783-2281216199-512", "PrincipalType": "Group"}, {"RightName": "WriteOwner", "IsInherited": false, "PrincipalSID": "S-1-5-21-1487982659-1829050783-2281216199-512", "PrincipalType": "Group"}, {"RightName": "WriteDacl", "IsInherited": false, "PrincipalSID": "S-1-5-21-1487982659-1829050783-2281216199-512", "PrincipalType": "Group"}, {"RightName": "WriteOwner", "IsInherited": false, "PrincipalSID": "S-1-5-21-1487982659-1829050783-2281216199-519", "PrincipalType": "Group"}, {"RightName": "WriteDacl", "IsInherited": false, "PrincipalSID": "S-1-5-21-1487982659-1829050783-2281216199-519", "PrincipalType": "Group"}, {"RightName": "WriteOwner", "IsInherited": false, "PrincipalSID": "PUPPY.HTB-S-1-5-32-544", "PrincipalType": "Group"}, {"RightName": "WriteDacl", "IsInherited": false, "PrincipalSID": "PUPPY.HTB-S-1-5-32-544", "PrincipalType": "Group"}], "ChildObjects": []},{"ObjectIdentifier": "4804D064-1DDE-48B6-BA04-6BB894EBCAD5", "Properties": {"domain": "PUPPY.HTB", "name": "IP SECURITY@PUPPY.HTB", "distinguishedname": "CN=IP SECURITY,CN=SYSTEM,DC=PUPPY,DC=HTB", "domainsid": "S-1-5-21-1487982659-1829050783-2281216199", "highvalue": false, "description": "", "whencreated": 1739965511}, "IsDeleted": false, "IsACLProtected": false, "Aces": [{"RightName": "Owns", "IsInherited": false, "PrincipalSID": "S-1-5-21-1487982659-1829050783-2281216199-512", "PrincipalType": "Group"}, {"RightName": "WriteOwner", "IsInherited": false, "PrincipalSID": "S-1-5-21-1487982659-1829050783-2281216199-512", "PrincipalType": "Group"}, {"RightName": "WriteDacl", "IsInherited": false, "PrincipalSID": "S-1-5-21-1487982659-1829050783-2281216199-512", "PrincipalType": "Group"}, {"RightName": "GenericAll", "IsInherited": true, "PrincipalSID": "S-1-5-21-1487982659-1829050783-2281216199-519", "PrincipalType": "Group"}, {"RightName": "WriteOwner", "IsInherited": true, "PrincipalSID": "PUPPY.HTB-S-1-5-32-544", "PrincipalType": "Group"}, {"RightName": "WriteDacl", "IsInherited": true, "PrincipalSID": "PUPPY.HTB-S-1-5-32-544", "PrincipalType": "Group"}], "ChildObjects": []},{"ObjectIdentifier": "460A03AC-3B6E-448E-8305-AC7E7B0E2F77", "Properties": {"domain": "PUPPY.HTB", "name": "RAS AND IAS SERVERS ACCESS CHECK@PUPPY.HTB", "distinguishedname": "CN=RAS AND IAS SERVERS ACCESS CHECK,CN=SYSTEM,DC=PUPPY,DC=HTB", "domainsid": "S-1-5-21-1487982659-1829050783-2281216199", "highvalue": false, "description": "", "whencreated": 1739965511}, "IsDeleted": false, "IsACLProtected": false, "Aces": [{"RightName": "Owns", "IsInherited": false, "PrincipalSID": "S-1-5-21-1487982659-1829050783-2281216199-512", "PrincipalType": "Group"}, {"RightName": "WriteOwner", "IsInherited": false, "PrincipalSID": "S-1-5-21-1487982659-1829050783-2281216199-553", "PrincipalType": "Group"}, {"RightName": "WriteDacl", "IsInherited": false, "PrincipalSID": "S-1-5-21-1487982659-1829050783-2281216199-553", "PrincipalType": "Group"}, {"RightName": "GenericAll", "IsInherited": true, "PrincipalSID": "S-1-5-21-1487982659-1829050783-2281216199-519", "PrincipalType": "Group"}, {"RightName": "WriteOwner", "IsInherited": true, "PrincipalSID": "PUPPY.HTB-S-1-5-32-544", "PrincipalType": "Group"}, {"RightName": "WriteDacl", "IsInherited": true, "PrincipalSID": "PUPPY.HTB-S-1-5-32-544", "PrincipalType": "Group"}], "ChildObjects": []},{"ObjectIdentifier": "D5319DA4-A694-4DCB-9A4F-48E4C39DDC6E", "Properties": {"domain": "PUPPY.HTB", "name": "POLICIES@PUPPY.HTB", "distinguishedname": "CN=POLICIES,CN=SYSTEM,DC=PUPPY,DC=HTB", "domainsid": "S-1-5-21-1487982659-1829050783-2281216199", "highvalue": false, "description": "", "whencreated": 1739965511}, "IsDeleted": false, "IsACLProtected": false, "Aces": [{"RightName": "Owns", "IsInherited": false, "PrincipalSID": "S-1-5-21-1487982659-1829050783-2281216199-512", "PrincipalType": "Group"}, {"RightName": "WriteOwner", "IsInherited": false, "PrincipalSID": "S-1-5-21-1487982659-1829050783-2281216199-512", "PrincipalType": "Group"}, {"RightName": "WriteDacl", "IsInherited": false, "PrincipalSID": "S-1-5-21-1487982659-1829050783-2281216199-512", "PrincipalType": "Group"}, {"RightName": "GenericAll", "IsInherited": true, "PrincipalSID": "S-1-5-21-1487982659-1829050783-2281216199-519", "PrincipalType": "Group"}, {"RightName": "WriteOwner", "IsInherited": true, "PrincipalSID": "PUPPY.HTB-S-1-5-32-544", "PrincipalType": "Group"}, {"RightName": "WriteDacl", "IsInherited": true, "PrincipalSID": "PUPPY.HTB-S-1-5-32-544", "PrincipalType": "Group"}], "ChildObjects": []},{"ObjectIdentifier": "5FF2CD63-E47B-4A44-A6FD-9FB7015A8CD7", "Properties": {"domain": "PUPPY.HTB", "name": "MEETINGS@PUPPY.HTB", "distinguishedname": "CN=MEETINGS,CN=SYSTEM,DC=PUPPY,DC=HTB", "domainsid": "S-1-5-21-1487982659-1829050783-2281216199", "highvalue": false, "description": "", "whencreated": 1739965511}, "IsDeleted": false, "IsACLProtected": false, "Aces": [{"RightName": "Owns", "IsInherited": false, "PrincipalSID": "S-1-5-21-1487982659-1829050783-2281216199-512", "PrincipalType": "Group"}, {"RightName": "WriteOwner", "IsInherited": false, "PrincipalSID": "S-1-5-21-1487982659-1829050783-2281216199-512", "PrincipalType": "Group"}, {"RightName": "WriteDacl", "IsInherited": false, "PrincipalSID": "S-1-5-21-1487982659-1829050783-2281216199-512", "PrincipalType": "Group"}, {"RightName": "GenericAll", "IsInherited": true, "PrincipalSID": "S-1-5-21-1487982659-1829050783-2281216199-519", "PrincipalType": "Group"}, {"RightName": "WriteOwner", "IsInherited": true, "PrincipalSID": "PUPPY.HTB-S-1-5-32-544", "PrincipalType": "Group"}, {"RightName": "WriteDacl", "IsInherited": true, "PrincipalSID": "PUPPY.HTB-S-1-5-32-544", "PrincipalType": "Group"}], "ChildObjects": []},{"ObjectIdentifier": "866D3236-2B8D-45DD-9F29-B073CBE7CE75", "Properties": {"domain": "PUPPY.HTB", "name": "WINSOCKSERVICES@PUPPY.HTB", "distinguishedname": "CN=WINSOCKSERVICES,CN=SYSTEM,DC=PUPPY,DC=HTB", "domainsid": "S-1-5-21-1487982659-1829050783-2281216199", "highvalue": false, "description": "", "whencreated": 1739965511}, "IsDeleted": false, "IsACLProtected": false, "Aces": [{"RightName": "Owns", "IsInherited": false, "PrincipalSID": "S-1-5-21-1487982659-1829050783-2281216199-512", "PrincipalType": "Group"}, {"RightName": "WriteOwner", "IsInherited": false, "PrincipalSID": "S-1-5-21-1487982659-1829050783-2281216199-512", "PrincipalType": "Group"}, {"RightName": "WriteDacl", "IsInherited": false, "PrincipalSID": "S-1-5-21-1487982659-1829050783-2281216199-512", "PrincipalType": "Group"}, {"RightName": "GenericAll", "IsInherited": true, "PrincipalSID": "S-1-5-21-1487982659-1829050783-2281216199-519", "PrincipalType": "Group"}, {"RightName": "WriteOwner", "IsInherited": true, "PrincipalSID": "PUPPY.HTB-S-1-5-32-544", "PrincipalType": "Group"}, {"RightName": "WriteDacl", "IsInherited": true, "PrincipalSID": "PUPPY.HTB-S-1-5-32-544", "PrincipalType": "Group"}], "ChildObjects": []},{"ObjectIdentifier": "FEF9CE2E-1174-4190-93F3-7098E4E9D0B2", "Properties": {"domain": "PUPPY.HTB", "name": "MANAGED SERVICE ACCOUNTS@PUPPY.HTB", "distinguishedname": "CN=MANAGED SERVICE ACCOUNTS,DC=PUPPY,DC=HTB", "domainsid": "S-1-5-21-1487982659-1829050783-2281216199", "highvalue": false, "description": "Default container for managed service accounts", "whencreated": 1739965511}, "IsDeleted": false, "IsACLProtected": false, "Aces": [{"RightName": "Owns", "IsInherited": false, "PrincipalSID": "S-1-5-21-1487982659-1829050783-2281216199-512", "PrincipalType": "Group"}, {"RightName": "WriteOwner", "IsInherited": false, "PrincipalSID": "S-1-5-21-1487982659-1829050783-2281216199-512", "PrincipalType": "Group"}, {"RightName": "WriteDacl", "IsInherited": false, "PrincipalSID": "S-1-5-21-1487982659-1829050783-2281216199-512", "PrincipalType": "Group"}, {"RightName": "GenericAll", "IsInherited": true, "PrincipalSID": "S-1-5-21-1487982659-1829050783-2281216199-519", "PrincipalType": "Group"}, {"RightName": "WriteOwner", "IsInherited": true, "PrincipalSID": "PUPPY.HTB-S-1-5-32-544", "PrincipalType": "Group"}, {"RightName": "WriteDacl", "IsInherited": true, "PrincipalSID": "PUPPY.HTB-S-1-5-32-544", "PrincipalType": "Group"}], "ChildObjects": []},{"ObjectIdentifier": "BC106D2A-31AD-4031-AAEA-3DCA1182FD63", "Properties": {"domain": "PUPPY.HTB", "name": "MICROSOFT@PUPPY.HTB", "distinguishedname": "CN=MICROSOFT,CN=PROGRAM DATA,DC=PUPPY,DC=HTB", "domainsid": "S-1-5-21-1487982659-1829050783-2281216199", "highvalue": false, "description": "Default location for storage of Microsoft application data.", "whencreated": 1739965511}, "IsDeleted": false, "IsACLProtected": false, "Aces": [{"RightName": "Owns", "IsInherited": false, "PrincipalSID": "S-1-5-21-1487982659-1829050783-2281216199-512", "PrincipalType": "Group"}, {"RightName": "GenericAll", "IsInherited": false, "PrincipalSID": "S-1-5-21-1487982659-1829050783-2281216199-512", "PrincipalType": "Group"}, {"RightName": "GenericAll", "IsInherited": true, "PrincipalSID": "S-1-5-21-1487982659-1829050783-2281216199-519", "PrincipalType": "Group"}, {"RightName": "WriteOwner", "IsInherited": true, "PrincipalSID": "PUPPY.HTB-S-1-5-32-544", "PrincipalType": "Group"}, {"RightName": "WriteDacl", "IsInherited": true, "PrincipalSID": "PUPPY.HTB-S-1-5-32-544", "PrincipalType": "Group"}], "ChildObjects": []},{"ObjectIdentifier": "0B3A0A61-128A-409A-8BBD-03DF363C5B39", "Properties": {"domain": "PUPPY.HTB", "name": "PROGRAM DATA@PUPPY.HTB", "distinguishedname": "CN=PROGRAM DATA,DC=PUPPY,DC=HTB", "domainsid": "S-1-5-21-1487982659-1829050783-2281216199", "highvalue": false, "description": "Default location for storage of application data.", "whencreated": 1739965511}, "IsDeleted": false, "IsACLProtected": false, "Aces": [{"RightName": "Owns", "IsInherited": false, "PrincipalSID": "S-1-5-21-1487982659-1829050783-2281216199-512", "PrincipalType": "Group"}, {"RightName": "GenericAll", "IsInherited": false, "PrincipalSID": "S-1-5-21-1487982659-1829050783-2281216199-512", "PrincipalType": "Group"}, {"RightName": "GenericAll", "IsInherited": true, "PrincipalSID": "S-1-5-21-1487982659-1829050783-2281216199-519", "PrincipalType": "Group"}, {"RightName": "WriteOwner", "IsInherited": true, "PrincipalSID": "PUPPY.HTB-S-1-5-32-544", "PrincipalType": "Group"}, {"RightName": "WriteDacl", "IsInherited": true, "PrincipalSID": "PUPPY.HTB-S-1-5-32-544", "PrincipalType": "Group"}], "ChildObjects": []},{"ObjectIdentifier": "B451D773-5451-4047-A738-ED08850EF741", "Properties": {"domain": "PUPPY.HTB", "name": "FOREIGNSECURITYPRINCIPALS@PUPPY.HTB", "distinguishedname": "CN=FOREIGNSECURITYPRINCIPALS,DC=PUPPY,DC=HTB", "domainsid": "S-1-5-21-1487982659-1829050783-2281216199", "highvalue": false, "description": "Default container for security identifiers (SIDs) associated with objects from external, trusted domains", "whencreated": 1739965511}, "IsDeleted": false, "IsACLProtected": false, "Aces": [{"RightName": "Owns", "IsInherited": false, "PrincipalSID": "S-1-5-21-1487982659-1829050783-2281216199-512", "PrincipalType": "Group"}, {"RightName": "GenericAll", "IsInherited": false, "PrincipalSID": "S-1-5-21-1487982659-1829050783-2281216199-512", "PrincipalType": "Group"}, {"RightName": "GenericAll", "IsInherited": true, "PrincipalSID": "S-1-5-21-1487982659-1829050783-2281216199-519", "PrincipalType": "Group"}, {"RightName": "WriteOwner", "IsInherited": true, "PrincipalSID": "PUPPY.HTB-S-1-5-32-544", "PrincipalType": "Group"}, {"RightName": "WriteDacl", "IsInherited": true, "PrincipalSID": "PUPPY.HTB-S-1-5-32-544", "PrincipalType": "Group"}], "ChildObjects": []},{"ObjectIdentifier": "02F82510-F6AB-4DEE-97E3-2A25617ED233", "Properties": {"domain": "PUPPY.HTB", "name": "SYSTEM@PUPPY.HTB", "distinguishedname": "CN=SYSTEM,DC=PUPPY,DC=HTB", "domainsid": "S-1-5-21-1487982659-1829050783-2281216199", "highvalue": false, "description": "Builtin system settings", "whencreated": 1739965511}, "IsDeleted": false, "IsACLProtected": false, "Aces": [{"RightName": "Owns", "IsInherited": false, "PrincipalSID": "S-1-5-21-1487982659-1829050783-2281216199-512", "PrincipalType": "Group"}, {"RightName": "WriteOwner", "IsInherited": false, "PrincipalSID": "S-1-5-21-1487982659-1829050783-2281216199-512", "PrincipalType": "Group"}, {"RightName": "WriteDacl", "IsInherited": false, "PrincipalSID": "S-1-5-21-1487982659-1829050783-2281216199-512", "PrincipalType": "Group"}, {"RightName": "GenericAll", "IsInherited": true, "PrincipalSID": "S-1-5-21-1487982659-1829050783-2281216199-519", "PrincipalType": "Group"}, {"RightName": "WriteOwner", "IsInherited": true, "PrincipalSID": "PUPPY.HTB-S-1-5-32-544", "PrincipalType": "Group"}, {"RightName": "WriteDacl", "IsInherited": true, "PrincipalSID": "PUPPY.HTB-S-1-5-32-544", "PrincipalType": "Group"}], "ChildObjects": []},{"ObjectIdentifier": "EE189B23-6826-46B8-A95C-746879F7C027", "Properties": {"domain": "PUPPY.HTB", "name": "COMPUTERS@PUPPY.HTB", "distinguishedname": "CN=COMPUTERS,DC=PUPPY,DC=HTB", "domainsid": "S-1-5-21-1487982659-1829050783-2281216199", "highvalue": false, "description": "Default container for upgraded computer accounts", "whencreated": 1739965511}, "IsDeleted": false, "IsACLProtected": false, "Aces": [{"RightName": "Owns", "IsInherited": false, "PrincipalSID": "S-1-5-21-1487982659-1829050783-2281216199-512", "PrincipalType": "Group"}, {"RightName": "WriteOwner", "IsInherited": false, "PrincipalSID": "S-1-5-21-1487982659-1829050783-2281216199-512", "PrincipalType": "Group"}, {"RightName": "WriteDacl", "IsInherited": false, "PrincipalSID": "S-1-5-21-1487982659-1829050783-2281216199-512", "PrincipalType": "Group"}, {"RightName": "GenericAll", "IsInherited": true, "PrincipalSID": "S-1-5-21-1487982659-1829050783-2281216199-519", "PrincipalType": "Group"}, {"RightName": "WriteOwner", "IsInherited": true, "PrincipalSID": "PUPPY.HTB-S-1-5-32-544", "PrincipalType": "Group"}, {"RightName": "WriteDacl", "IsInherited": true, "PrincipalSID": "PUPPY.HTB-S-1-5-32-544", "PrincipalType": "Group"}], "ChildObjects": []},{"ObjectIdentifier": "3F93AA72-387D-4B17-9523-1CA9CF985828", "Properties": {"domain": "PUPPY.HTB", "name": "USERS@PUPPY.HTB", "distinguishedname": "CN=USERS,DC=PUPPY,DC=HTB", "domainsid": "S-1-5-21-1487982659-1829050783-2281216199", "highvalue": false, "description": "Default container for upgraded user accounts", "whencreated": 1739965511}, "IsDeleted": false, "IsACLProtected": false, "Aces": [{"RightName": "Owns", "IsInherited": false, "PrincipalSID": "S-1-5-21-1487982659-1829050783-2281216199-512", "PrincipalType": "Group"}, {"RightName": "WriteOwner", "IsInherited": false, "PrincipalSID": "S-1-5-21-1487982659-1829050783-2281216199-512", "PrincipalType": "Group"}, {"RightName": "WriteDacl", "IsInherited": false, "PrincipalSID": "S-1-5-21-1487982659-1829050783-2281216199-512", "PrincipalType": "Group"}, {"RightName": "GenericAll", "IsInherited": true, "PrincipalSID": "S-1-5-21-1487982659-1829050783-2281216199-519", "PrincipalType": "Group"}, {"RightName": "WriteOwner", "IsInherited": true, "PrincipalSID": "PUPPY.HTB-S-1-5-32-544", "PrincipalType": "Group"}, {"RightName": "WriteDacl", "IsInherited": true, "PrincipalSID": "PUPPY.HTB-S-1-5-32-544", "PrincipalType": "Group"}], "ChildObjects": [{"ObjectIdentifier": "S-1-5-21-1487982659-1829050783-2281216199-518", "ObjectType": "Group"}, {"ObjectIdentifier": "S-1-5-21-1487982659-1829050783-2281216199-521", "ObjectType": "Group"}, {"ObjectIdentifier": "S-1-5-21-1487982659-1829050783-2281216199-553", "ObjectType": "Group"}, {"ObjectIdentifier": "S-1-5-21-1487982659-1829050783-2281216199-525", "ObjectType": "Group"}, {"ObjectIdentifier": "S-1-5-21-1487982659-1829050783-2281216199-502", "ObjectType": "User"}, {"ObjectIdentifier": "S-1-5-21-1487982659-1829050783-2281216199-526", "ObjectType": "Group"}, {"ObjectIdentifier": "S-1-5-21-1487982659-1829050783-2281216199-1106", "ObjectType": "User"}, {"ObjectIdentifier": "S-1-5-21-1487982659-1829050783-2281216199-501", "ObjectType": "User"}, {"ObjectIdentifier": "S-1-5-21-1487982659-1829050783-2281216199-520", "ObjectType": "Group"}, {"ObjectIdentifier": "S-1-5-21-1487982659-1829050783-2281216199-498", "ObjectType": "Group"}, {"ObjectIdentifier": "S-1-5-21-1487982659-1829050783-2281216199-527", "ObjectType": "Group"}, {"ObjectIdentifier": "S-1-5-21-1487982659-1829050783-2281216199-519", "ObjectType": "Group"}, {"ObjectIdentifier": "S-1-5-21-1487982659-1829050783-2281216199-513", "ObjectType": "Group"}, {"ObjectIdentifier": "S-1-5-21-1487982659-1829050783-2281216199-514", "ObjectType": "Group"}, {"ObjectIdentifier": "S-1-5-21-1487982659-1829050783-2281216199-516", "ObjectType": "Group"}, {"ObjectIdentifier": "S-1-5-21-1487982659-1829050783-2281216199-515", "ObjectType": "Group"}, {"ObjectIdentifier": "S-1-5-21-1487982659-1829050783-2281216199-512", "ObjectType": "Group"}, {"ObjectIdentifier": "S-1-5-21-1487982659-1829050783-2281216199-1102", "ObjectType": "Group"}, {"ObjectIdentifier": "S-1-5-21-1487982659-1829050783-2281216199-1101", "ObjectType": "Group"}, {"ObjectIdentifier": "S-1-5-21-1487982659-1829050783-2281216199-572", "ObjectType": "Group"}, {"ObjectIdentifier": "S-1-5-21-1487982659-1829050783-2281216199-522", "ObjectType": "Group"}, {"ObjectIdentifier": "S-1-5-21-1487982659-1829050783-2281216199-517", "ObjectType": "Group"}, {"ObjectIdentifier": "S-1-5-21-1487982659-1829050783-2281216199-571", "ObjectType": "Group"}, {"ObjectIdentifier": "S-1-5-21-1487982659-1829050783-2281216199-500", "ObjectType": "User"}, {"ObjectIdentifier": "S-1-5-21-1487982659-1829050783-2281216199-1105", "ObjectType": "User"}, {"ObjectIdentifier": "S-1-5-21-1487982659-1829050783-2281216199-1112", "ObjectType": "Group"}]}],"meta":{"methods":0,"type":"containers","count":21, "version":5}}